Product Handle,Product Title,Product Status,Product Description,Product Thumbnail,Product Image 1,Product Image 2,Product Image 3,Product Image 4,Product Image 5,Product Category 1,Product Category 2,Product Category 3,Product Tag 1,Product Tag 2,Product Tag 3,Product Discountable,Variant Title,Variant Sku,Variant Price KRW,Variant Option 1 Name,Variant Option 1 Value,Variant Manage Inventory,Variant Allow Backorder
메소드메이크업-분장용-콤비펜슬-듀얼펜슬-블랙브라운-아이브로우-아이라인,메소드메이크업 분장용 콤비펜슬 듀얼펜슬 블랙/브라운 아이브로우 아이라인,draft,메소드메이크업 분장용 콤비펜슬 듀얼펜슬 블랙/브라운 아이브로우 아이라인,https://almondyoung.com/web/product/medium/202502/a037295cd7b4651bf69ffbf24aa7716f.jpg,,,,,,,,,신상품,메이크업,,true,Default,01999bf0-55fc-772f-9ff6-dfc75b71beb7,2900,,,true,false
메소드-메이크업-스프리트검-국가자격증-수염-접착제,메소드 메이크업 스프리트검 국가자격증 수염 접착제,draft,메소드 메이크업 스프리트검 국가자격증 수염 접착제,https://almondyoung.com/web/product/medium/202502/63b1efd16964c2ce4598f6a1f9677392.jpg,,,,,,,,,신상품,메이크업,,true,Default,01999bf0-4efa-724c-9a75-ddebeb3b1d47,2900,,,true,false
분장용-스프리트검-리무버-60ml-수염접착제리무버-메이크업,분장용 스프리트검 리무버 60ml 수염접착제리무버 메이크업,draft,분장용 스프리트검 리무버 60ml 수염접착제리무버 메이크업,https://almondyoung.com/web/product/medium/202502/d3c9af3899c51cd7be8392f9acc38bf2.jpg,,,,,,,,,신상품,메이크업,,true,Default,01999bf0-47fe-70eb-950a-136e8037c3d8,2900,,,true,false
메소드101-메이크업-국가자격증-패턴속눈썹-10종-세트-실기시험용,메소드101 메이크업 국가자격증 패턴속눈썹 10종 세트 실기시험용,draft,메소드101 메이크업 국가자격증 패턴속눈썹 10종 세트 실기시험용,https://almondyoung.com/web/product/medium/202502/49b172a98acb741f716841b38cedc923.jpg,,,,,,,,,신상품,메이크업,,true,Default,01999bf0-40cb-7071-ad84-0e39b5b2ba51,5100,,,true,false
수염-분장용-메이크업-국가고시-자격증-실기시험용-재료-친수염-생사,수염 분장용 메이크업 국가고시 자격증 실기시험용 재료 친수염 생사,draft,수염 분장용 메이크업 국가고시 자격증 실기시험용 재료 친수염 생사,https://almondyoung.com/web/product/medium/202502/74aef24c4bb76742788fbd751039f806.jpg,,,,,,,,,신상품,메이크업,,true,Default,01999bf0-39f5-766d-aac7-65624c175f1a,6500,,,true,false
블랙-투웨이-트위저-꾹꾹이-네일-핀셋,블랙 투웨이 트위저 꾹꾹이 네일 핀셋,draft,블랙 투웨이 트위저 꾹꾹이 네일 핀셋,https://almondyoung.com/web/product/medium/202503/739858f499dacfa9125df93ac0dd0737.jpg,,,,,,,,,신상품,메이크업,,true,Default,01999bf0-32b0-753e-875f-9fc977a031e2,1000,,,true,false
핑크-투웨이-트위저-꾹꾹이-네일-핀셋,핑크 투웨이 트위저 꾹꾹이 네일 핀셋,draft,핑크 투웨이 트위저 꾹꾹이 네일 핀셋,https://almondyoung.com/web/product/medium/202503/ce0d0f118e098fe9b080ba0d3764f053.jpg,,,,,,,,,신상품,메이크업,,true,Default,01999bf0-2ba8-719f-af84-d33c7c38804f,1000,,,true,false
직선형-파스텔-네일-속눈썹-핀셋-집게-9종,직선형 파스텔 네일 속눈썹 핀셋 집게 9종,draft,직선형 파스텔 네일 속눈썹 핀셋 집게 9종,https://almondyoung.com/web/product/medium/202503/e304379c40281282d796f709296d995e.jpg,,,,,,,,,신상품,메이크업,,true,연핑크 [품절],01999bf0-25eb-73ba-8cd9-672c12cacef0,100,,,true,false
직선형-파스텔-네일-속눈썹-핀셋-집게-9종,직선형 파스텔 네일 속눈썹 핀셋 집게 9종,draft,직선형 파스텔 네일 속눈썹 핀셋 집게 9종,https://almondyoung.com/web/product/medium/202503/e304379c40281282d796f709296d995e.jpg,,,,,,,,,,,,,연하늘 [품절],01999bf0-2729-729e-b7a9-ed5e8dc9c206,100,,,true,false
직선형-파스텔-네일-속눈썹-핀셋-집게-9종,직선형 파스텔 네일 속눈썹 핀셋 집게 9종,draft,직선형 파스텔 네일 속눈썹 핀셋 집게 9종,https://almondyoung.com/web/product/medium/202503/e304379c40281282d796f709296d995e.jpg,,,,,,,,,,,,,연보라 [품절],01999bf0-2863-73dd-b406-21f086ad57cc,100,,,true,false
직선형-파스텔-네일-속눈썹-핀셋-집게-9종,직선형 파스텔 네일 속눈썹 핀셋 집게 9종,draft,직선형 파스텔 네일 속눈썹 핀셋 집게 9종,https://almondyoung.com/web/product/medium/202503/e304379c40281282d796f709296d995e.jpg,,,,,,,,,,,,,연노랑 [품절],01999bf0-299c-7573-b6ce-1e090f62571a,100,,,true,false
직선형-파스텔-네일-속눈썹-핀셋-집게-9종,직선형 파스텔 네일 속눈썹 핀셋 집게 9종,draft,직선형 파스텔 네일 속눈썹 핀셋 집게 9종,https://almondyoung.com/web/product/medium/202503/e304379c40281282d796f709296d995e.jpg,,,,,,,,,,,,,블랙 [품절],01999bf0-2adf-721a-aaba-ad5196f09e68,100,,,true,false
직선형-파스텔-네일-속눈썹-핀셋-집게-9종,직선형 파스텔 네일 속눈썹 핀셋 집게 9종,draft,직선형 파스텔 네일 속눈썹 핀셋 집게 9종,https://almondyoung.com/web/product/medium/202503/e304379c40281282d796f709296d995e.jpg,,,,,,,,,,,,,연두 [품절],01999bf0-2c1d-730b-ab94-8a0cd401e2a7,100,,,true,false
직선형-파스텔-네일-속눈썹-핀셋-집게-9종,직선형 파스텔 네일 속눈썹 핀셋 집게 9종,draft,직선형 파스텔 네일 속눈썹 핀셋 집게 9종,https://almondyoung.com/web/product/medium/202503/e304379c40281282d796f709296d995e.jpg,,,,,,,,,,,,,화이트 [품절],01999bf0-2d5d-77c8-9168-a481dfab10c0,100,,,true,false
직선형-파스텔-네일-속눈썹-핀셋-집게-9종,직선형 파스텔 네일 속눈썹 핀셋 집게 9종,draft,직선형 파스텔 네일 속눈썹 핀셋 집게 9종,https://almondyoung.com/web/product/medium/202503/e304379c40281282d796f709296d995e.jpg,,,,,,,,,,,,,오렌지 [품절],01999bf0-2e99-73e4-b279-d221aa059c07,100,,,true,false
직선형-파스텔-네일-속눈썹-핀셋-집게-9종,직선형 파스텔 네일 속눈썹 핀셋 집게 9종,draft,직선형 파스텔 네일 속눈썹 핀셋 집게 9종,https://almondyoung.com/web/product/medium/202503/e304379c40281282d796f709296d995e.jpg,,,,,,,,,,,,,핫핑크 [품절],01999bf0-2fdd-76d2-ab2a-a181912eb44c,100,,,true,false
곡선형-파스텔-네일-속눈썹-핀셋-집게-9종,곡선형 파스텔 네일 속눈썹 핀셋 집게 9종,draft,곡선형 파스텔 네일 속눈썹 핀셋 집게 9종,https://almondyoung.com/web/product/medium/202503/a7551f5e9e8d2568bb5932fd761789d5.jpg,,,,,,,,,신상품,메이크업,,true,연핑크 [품절],01999bf0-1f03-7343-993c-f78d362f4043,100,,,true,false
곡선형-파스텔-네일-속눈썹-핀셋-집게-9종,곡선형 파스텔 네일 속눈썹 핀셋 집게 9종,draft,곡선형 파스텔 네일 속눈썹 핀셋 집게 9종,https://almondyoung.com/web/product/medium/202503/a7551f5e9e8d2568bb5932fd761789d5.jpg,,,,,,,,,,,,,연하늘 [품절],01999bf0-203d-7008-a2b3-5906c4ef4c79,100,,,true,false
곡선형-파스텔-네일-속눈썹-핀셋-집게-9종,곡선형 파스텔 네일 속눈썹 핀셋 집게 9종,draft,곡선형 파스텔 네일 속눈썹 핀셋 집게 9종,https://almondyoung.com/web/product/medium/202503/a7551f5e9e8d2568bb5932fd761789d5.jpg,,,,,,,,,,,,,연보라 [품절],01999bf0-2177-715a-966b-b59b866fd82f,100,,,true,false
곡선형-파스텔-네일-속눈썹-핀셋-집게-9종,곡선형 파스텔 네일 속눈썹 핀셋 집게 9종,draft,곡선형 파스텔 네일 속눈썹 핀셋 집게 9종,https://almondyoung.com/web/product/medium/202503/a7551f5e9e8d2568bb5932fd761789d5.jpg,,,,,,,,,,,,,연노랑 [품절],01999bf0-22b1-71ef-9c6e-573d494b58f8,100,,,true,false
곡선형-파스텔-네일-속눈썹-핀셋-집게-9종,곡선형 파스텔 네일 속눈썹 핀셋 집게 9종,draft,곡선형 파스텔 네일 속눈썹 핀셋 집게 9종,https://almondyoung.com/web/product/medium/202503/a7551f5e9e8d2568bb5932fd761789d5.jpg,,,,,,,,,,,,,블랙 [품절],01999bf0-23ec-712a-baf3-145c7b72f83a,100,,,true,false
곡선형-파스텔-네일-속눈썹-핀셋-집게-9종,곡선형 파스텔 네일 속눈썹 핀셋 집게 9종,draft,곡선형 파스텔 네일 속눈썹 핀셋 집게 9종,https://almondyoung.com/web/product/medium/202503/a7551f5e9e8d2568bb5932fd761789d5.jpg,,,,,,,,,,,,,연두 [품절],01999bf0-252b-703d-b0b8-9fcea6b426c6,100,,,true,false
곡선형-파스텔-네일-속눈썹-핀셋-집게-9종,곡선형 파스텔 네일 속눈썹 핀셋 집게 9종,draft,곡선형 파스텔 네일 속눈썹 핀셋 집게 9종,https://almondyoung.com/web/product/medium/202503/a7551f5e9e8d2568bb5932fd761789d5.jpg,,,,,,,,,,,,,화이트 [품절],01999bf0-266c-7293-a046-551e73ca8259,100,,,true,false
곡선형-파스텔-네일-속눈썹-핀셋-집게-9종,곡선형 파스텔 네일 속눈썹 핀셋 집게 9종,draft,곡선형 파스텔 네일 속눈썹 핀셋 집게 9종,https://almondyoung.com/web/product/medium/202503/a7551f5e9e8d2568bb5932fd761789d5.jpg,,,,,,,,,,,,,오렌지 [품절],01999bf0-27a8-70ef-a64d-191c087bba5e,100,,,true,false
곡선형-파스텔-네일-속눈썹-핀셋-집게-9종,곡선형 파스텔 네일 속눈썹 핀셋 집게 9종,draft,곡선형 파스텔 네일 속눈썹 핀셋 집게 9종,https://almondyoung.com/web/product/medium/202503/a7551f5e9e8d2568bb5932fd761789d5.jpg,,,,,,,,,,,,,핫핑크 [품절],01999bf0-28e1-74c9-8724-c8a9c7bb2508,100,,,true,false
고급-크리스탈-브러쉬꽂이-보관함-정리함,고급 크리스탈 브러쉬꽂이 보관함 정리함,draft,고급 크리스탈 브러쉬꽂이 보관함 정리함,https://almondyoung.com/web/product/medium/202503/2e215e186ed6caf756c29393b521a871.jpg,,,,,,,,,신상품,메이크업,,true,실버,01999bf0-1836-75e2-a3a6-e53a35055ce7,4000,,,true,false
고급-크리스탈-브러쉬꽂이-보관함-정리함,고급 크리스탈 브러쉬꽂이 보관함 정리함,draft,고급 크리스탈 브러쉬꽂이 보관함 정리함,https://almondyoung.com/web/product/medium/202503/2e215e186ed6caf756c29393b521a871.jpg,,,,,,,,,,,,,골드,01999bf0-1974-728b-94af-c6edc1746dce,4000,,,true,false
네일-브러쉬-세척-전용-디스펜서,네일 브러쉬 세척 전용 디스펜서,draft,네일 브러쉬 세척 전용 디스펜서,https://almondyoung.com/web/product/medium/202504/cb3246038aa5b385036b2bc91edfab55.jpg,,,,,,,,,신상품,메이크업,,true,Default,01999bf0-0ff3-707c-9914-63100d03f88a,2500,,,true,false
그라시아-네일-국가고시-자격증-실기-세트,그라시아 네일 국가고시 자격증 실기 세트,draft,그라시아 네일 국가고시 자격증 실기 세트,https://almondyoung.com/web/product/medium/202507/9a562b51408f76e44b4674dda19a27dd.jpg,,,,,,,,,신상품,메이크업,,true,Default,01999bf0-090e-76da-ac80-c8cbb3dc4fb7,506700,,,true,false
엔리안-네일-국가고시-자격증-실기-세트,엔리안 네일 국가고시 자격증 실기 세트,draft,엔리안 네일 국가고시 자격증 실기 세트,https://almondyoung.com/web/product/medium/202507/0bf1471b66d8ddf88e516a7b68603ab3.jpg,,,,,,,,,신상품,메이크업,,true,Default,01999bf0-021a-76f9-8d2f-75b3feea4326,483700,,,true,false
코코네일-네일-국가고시-시험세트-a,코코네일 네일 국가고시 시험세트 A,draft,코코네일 네일 국가고시 시험세트 A,https://almondyoung.com/web/product/medium/202507/25ca9a5c9b206760f451c4ec3b5aa326.jpg,,,,,,,,,신상품,메이크업,,true,Default,01999bef-fa96-72b0-939b-20dea957ff49,420000,,,true,false
양방향-다용도-이쑤시개-면봉100개입,양방향 다용도 이쑤시개 면봉(100개입),draft,양방향 다용도 이쑤시개 면봉(100개입),https://almondyoung.com/web/product/medium/202507/b2ce1f79cb5e9721ed3c8cdcd21663ba.jpg,,,,,,,,,신상품,메이크업,,true,화이트(7cm) [품절],01999bef-f506-7328-bd80-de4f6c80ecbc,280,,,true,false
양방향-다용도-이쑤시개-면봉100개입,양방향 다용도 이쑤시개 면봉(100개입),draft,양방향 다용도 이쑤시개 면봉(100개입),https://almondyoung.com/web/product/medium/202507/b2ce1f79cb5e9721ed3c8cdcd21663ba.jpg,,,,,,,,,,,,,핑크(7cm) [품절],01999bef-f648-7230-8025-45223e8c915d,280,,,true,false
양방향-다용도-이쑤시개-면봉100개입,양방향 다용도 이쑤시개 면봉(100개입),draft,양방향 다용도 이쑤시개 면봉(100개입),https://almondyoung.com/web/product/medium/202507/b2ce1f79cb5e9721ed3c8cdcd21663ba.jpg,,,,,,,,,,,,,화이트(10cm) [품절],01999bef-f786-774f-b413-0b1c14133454,280,,,true,false
브러쉬-세척기-붓-세척-클리너-도구,브러쉬 세척기 붓 세척 클리너 도구,draft,브러쉬 세척기 붓 세척 클리너 도구,https://almondyoung.com/web/product/medium/202508/0f55c4d0f20dc2da22fdfd88a7c21747.jpg,,,,,,,,,신상품,메이크업,,true,Default,01999bef-ec5c-72e6-9084-c5656e8ea14d,2000,,,true,false
프리미엄-퀵핏-브로우-자,프리미엄 퀵핏 브로우 자,draft,프리미엄 퀵핏 브로우 자,https://almondyoung.com/web/product/medium/202508/5e79f3b14c6fd554a863922814b1c4b2.jpg,,,,,,,,,신상품,메이크업,,true,Default,01999bef-e527-7116-8e86-4974eb17314f,3400,,,true,false
몽당연필-연장-홀더,몽당연필 연장 홀더,draft,몽당연필 연장 홀더,https://almondyoung.com/web/product/medium/202509/7502d761310116776522a7518837cd32.jpg,,,,,,,,,신상품,메이크업,,true,Default,01999bef-de3e-7443-9b93-85154f15c852,350,,,true,false
제이시스-티나스타일링-에센스,제이시스 티나스타일링 에센스,draft,제이시스 티나스타일링 에센스,https://almondyoung.com/web/product/medium/202501/38ddc4ccd1e0005e4ffa5275e1d5d033.jpg,,,,,,,,,신상품,헤어,,true,Default,01999bef-d752-74f9-bf9d-33c1166c0beb,25000,,,true,false
다용도-염색-짜개-치약-튜브-짜개-물감-짜개-미용재료,다용도 염색 짜개 치약 튜브 짜개 물감 짜개 미용재료,draft,다용도 염색 짜개 치약 튜브 짜개 물감 짜개 미용재료,https://almondyoung.com/web/product/medium/202502/db90e9f1a6ccdf71d4aa82ed1d405981.png,,,,,,,,,신상품,헤어,,true,Default,01999bef-d05b-7798-9d34-8488beb0015b,2500,,,true,false
남자-댄맨-브러쉬-덴맨브러쉬-이발소-바버샵-브러쉬,남자 댄맨 브러쉬 덴맨브러쉬 이발소 바버샵 브러쉬,draft,남자 댄맨 브러쉬 덴맨브러쉬 이발소 바버샵 브러쉬,https://almondyoung.com/web/product/medium/202502/6671007ddb31f229f08225e6c05db96b.png,,,,,,,,,신상품,헤어,,true,Default,01999bef-c961-74f9-a892-5efc0be1e302,720,,,true,false
면도날-보관-케이스-바버샵,면도날 보관 케이스 바버샵,draft,면도날 보관 케이스 바버샵,https://almondyoung.com/web/product/medium/202502/d6c5bd1f14a48466ada027ab1fc89eca.png,,,,,,,,,신상품,헤어,,true,Default,01999bef-c26a-724e-a54e-ee41bff47d73,1600,,,true,false
고정-잘-되는-투명-새부리형-집게,고정 잘 되는 투명 새부리형 집게,draft,고정 잘 되는 투명 새부리형 집게,https://almondyoung.com/web/product/medium/202502/fa52f6c804fc4c45a90aa841ff45db7f.png,,,,,,,,,신상품,헤어,,true,투명,01999bef-bcb2-716c-a736-621ff2106e89,3500,,,true,false
고정-잘-되는-투명-새부리형-집게,고정 잘 되는 투명 새부리형 집게,draft,고정 잘 되는 투명 새부리형 집게,https://almondyoung.com/web/product/medium/202502/fa52f6c804fc4c45a90aa841ff45db7f.png,,,,,,,,,,,,,분홍,01999bef-be0d-758c-b017-994fa5d9fded,3500,,,true,false
고정-잘-되는-투명-새부리형-집게,고정 잘 되는 투명 새부리형 집게,draft,고정 잘 되는 투명 새부리형 집게,https://almondyoung.com/web/product/medium/202502/fa52f6c804fc4c45a90aa841ff45db7f.png,,,,,,,,,,,,,연두,01999bef-bf49-729d-bda3-075dfbe834cf,3500,,,true,false
고정-잘-되는-투명-새부리형-집게,고정 잘 되는 투명 새부리형 집게,draft,고정 잘 되는 투명 새부리형 집게,https://almondyoung.com/web/product/medium/202502/fa52f6c804fc4c45a90aa841ff45db7f.png,,,,,,,,,,,,,노랑,01999bef-c07f-7481-ba70-25890ea98506,3500,,,true,false
고정-잘-되는-투명-새부리형-집게,고정 잘 되는 투명 새부리형 집게,draft,고정 잘 되는 투명 새부리형 집게,https://almondyoung.com/web/product/medium/202502/fa52f6c804fc4c45a90aa841ff45db7f.png,,,,,,,,,,,,,보라,01999bef-c1c3-7373-bfc4-2839bd84412b,3500,,,true,false
동해-꼬리빗-국가고시-시험용-자격증-꼬리빗-1개,동해 꼬리빗 국가고시 시험용 자격증 꼬리빗 1개,draft,동해 꼬리빗 국가고시 시험용 자격증 꼬리빗 1개,https://almondyoung.com/web/product/medium/202502/5d4d800ec27141e00ab201858a55e673.jpg,,,,,,,,,신상품,헤어,,true,Default,01999bef-b464-755c-b0c1-7935d0ee2f34,200,,,true,false
캐니온-분무기-미용자격증-시험용-학원용,캐니온 분무기 미용자격증 시험용 학원용,draft,캐니온 분무기 미용자격증 시험용 학원용,https://almondyoung.com/web/product/medium/202502/dcd592e40ef00e456f64b6320f954af3.jpg,,,,,,,,,신상품,헤어,,true,Default,01999bef-ad6a-77fa-96f9-5faa3cf40a61,2400,,,true,false
천혜사-미용사-국가자격증-실기-시험용-인모-컬러링-헤어피스-7레벨,천혜사 미용사 국가자격증 실기 시험용 인모 컬러링 헤어피스 7레벨,draft,천혜사 미용사 국가자격증 실기 시험용 인모 컬러링 헤어피스 7레벨,https://almondyoung.com/web/product/medium/202506/91505b024d4c18eef2c5c7f637effab1.jpg,,,,,,,,,신상품,헤어,,true,Default,01999bef-a688-757c-9dfd-374e99d93b34,8000,,,true,false
헤어-실기-시험용-스케일링제-mpb레지나-스캘프-스케일링,헤어 실기 시험용 스케일링제 MPB/레지나 스캘프 스케일링,draft,헤어 실기 시험용 스케일링제 MPB/레지나 스캘프 스케일링,https://almondyoung.com/web/product/medium/202502/fa26994f390429f4d2a31d9ecef803a2.png,,,,,,,,,신상품,헤어,,true,Default,01999bef-9f9a-730d-be0a-32f89558258a,2700,,,true,false
국가고시-미용사-자격증-시험용-염색볼,국가고시 미용사 자격증 시험용 염색볼,draft,국가고시 미용사 자격증 시험용 염색볼,https://almondyoung.com/web/product/medium/202502/50f82ee98fc6c7431f3a803644b7b3c9.jpg,,,,,,,,,신상품,헤어,,true,Default,01999bef-98a6-74ae-80f0-c9dcb3c4120c,2700,,,true,false
고무나라-1000-노란고무줄-고무밴드-7cmx13mm,고무나라 1000 노란고무줄 고무밴드 7cmX1.3mm,draft,고무나라 1000 노란고무줄 고무밴드 7cmX1.3mm,https://almondyoung.com/web/product/medium/202502/ea5e2a64d5aa132cb82c4f4bba09479e.jpg,,,,,,,,,신상품,헤어,,true,Default,01999bef-91af-75a0-bd5f-0c60907c0424,960,,,true,false
천혜사-미용사-국가고시-시험용-통가발-인모-100-옐로우라벨-레드라벨,천혜사 미용사 국가고시 시험용 통가발 인모 100% 옐로우라벨 레드라벨,draft,천혜사 미용사 국가고시 시험용 통가발 인모 100% 옐로우라벨 레드라벨,https://almondyoung.com/web/product/medium/202506/9145736c602673be2cdde82f170eb0b0.jpg,,,,,,,,,신상품,헤어,,true,옐로우 라벨,01999bef-8bf3-7337-9b1f-450503a551b7,97000,,,true,false
천혜사-미용사-국가고시-시험용-통가발-인모-100-옐로우라벨-레드라벨,천혜사 미용사 국가고시 시험용 통가발 인모 100% 옐로우라벨 레드라벨,draft,천혜사 미용사 국가고시 시험용 통가발 인모 100% 옐로우라벨 레드라벨,https://almondyoung.com/web/product/medium/202506/9145736c602673be2cdde82f170eb0b0.jpg,,,,,,,,,,,,,레드 라벨,01999bef-8d30-751a-9197-5843488d4bc3,97000,,,true,false
데이퓨레테-딥-허브-샴푸-500ml,데이퓨레테 딥 허브 샴푸 500ml,draft,데이퓨레테 딥 허브 샴푸 500ml,https://almondyoung.com/web/product/medium/202504/ef8cf9c13cba4289fa49d3277ffd5381.png,,,,,,,,,신상품,헤어,,true,Default,01999bef-83b5-7705-868f-72336b186577,13000,,,true,false
천혜사-미용사-연습용-마네킹-mdw-v20,천혜사 미용사 연습용 마네킹 MDW-V20,draft,천혜사 미용사 연습용 마네킹 MDW-V20,https://almondyoung.com/web/product/medium/202506/d6e2883be844a200d985c37c10f4265e.jpg,,,,,,,,,신상품,헤어,,true,Default,01999bef-7c5f-7058-9393-eb8cebf1233d,48000,,,true,false
천혜사-두상-민두-민머리-연습용-마네킹-mmd,천혜사 두상 민두 민머리 연습용 마네킹 MMD,draft,천혜사 두상 민두 민머리 연습용 마네킹 MMD,https://almondyoung.com/web/product/medium/202506/20fe9026d5ff8c08d551bc8ee3d6c3fe.jpg,,,,,,,,,신상품,헤어,,true,Default,01999bef-7807-723f-a848-3e98f28146f2,14000,,,true,false
천혜사-레귤러-고급-커트-연습용-덧가발-mtw-r-인모-30-18인치,천혜사 레귤러 고급 커트 연습용 덧가발 MTW-R 인모 30% 18인치,draft,천혜사 레귤러 고급 커트 연습용 덧가발 MTW-R 인모 30% 18인치,https://almondyoung.com/web/product/medium/202506/29bb73ffa87faed46b32257139375095.jpg,,,,,,,,,신상품,헤어,,true,Default,01999bef-6e83-70b6-8223-8db46c088b1e,26000,,,true,false
천혜사-리미티드-중급-커트-연습용-덧가발-mtw-l-아카데미용,천혜사 리미티드 중급 커트 연습용 덧가발 MTW-L 아카데미용,draft,천혜사 리미티드 중급 커트 연습용 덧가발 MTW-L 아카데미용,https://almondyoung.com/web/product/medium/202506/5d8548a5dde829e071a57a61cdb73d1c.jpg,,,,,,,,,신상품,헤어,,true,Default,01999bef-677d-744b-85a5-b2d90e9be2b6,22000,,,true,false
천혜사-주니어-초급-커트-연습용-덧가발-mtw-j,천혜사 주니어 초급 커트 연습용 덧가발 MTW-J,draft,천혜사 주니어 초급 커트 연습용 덧가발 MTW-J,https://almondyoung.com/web/product/medium/202506/ab76800280aa2ac55462738aa0ce30af.jpg,,,,,,,,,신상품,헤어,,true,Default,01999bef-607a-7330-a56d-9cd290ec1b13,15000,,,true,false
천혜사-옐로우-100인모-연습용-덧가발-mtw-y-6,천혜사 옐로우 100%인모 연습용 덧가발 MTW-Y (6),draft,천혜사 옐로우 100%인모 연습용 덧가발 MTW-Y (6),https://almondyoung.com/web/product/medium/202506/8615f51ef33f1a9e407c9646826fed13.jpg,,,,,,,,,신상품,헤어,,true,Default,01999bef-5943-711c-8a4a-4ffc3a58923b,35000,,,true,false
손목-고무줄-원터치형,손목 고무줄 원터치형,draft,손목 고무줄 원터치형,https://almondyoung.com/web/product/medium/202507/5d8e839705cd870bc7a405ba74eb2f0a.jpg,,,,,,,,,신상품,헤어,,true,블랙 [품절],01999bef-539f-7755-b51c-d8ca5875a35a,1000,,,true,false
손목-고무줄-원터치형,손목 고무줄 원터치형,draft,손목 고무줄 원터치형,https://almondyoung.com/web/product/medium/202507/5d8e839705cd870bc7a405ba74eb2f0a.jpg,,,,,,,,,,,,,그레이 [품절],01999bef-54e0-7285-8beb-9130e5f7f6d4,1000,,,true,false
손목-고무줄-원터치형,손목 고무줄 원터치형,draft,손목 고무줄 원터치형,https://almondyoung.com/web/product/medium/202507/5d8e839705cd870bc7a405ba74eb2f0a.jpg,,,,,,,,,,,,,레드 [품절],01999bef-5623-752f-90f3-248a397b594d,1000,,,true,false
손목-고무줄-원터치형,손목 고무줄 원터치형,draft,손목 고무줄 원터치형,https://almondyoung.com/web/product/medium/202507/5d8e839705cd870bc7a405ba74eb2f0a.jpg,,,,,,,,,,,,,그린 [품절],01999bef-5768-7328-ab39-4e035fb3f905,1000,,,true,false
손목-고무줄-원터치형,손목 고무줄 원터치형,draft,손목 고무줄 원터치형,https://almondyoung.com/web/product/medium/202507/5d8e839705cd870bc7a405ba74eb2f0a.jpg,,,,,,,,,,,,,핑크 [품절],01999bef-58b0-729c-ac35-3e5934895ecb,1000,,,true,false
손목-고무줄-원터치형,손목 고무줄 원터치형,draft,손목 고무줄 원터치형,https://almondyoung.com/web/product/medium/202507/5d8e839705cd870bc7a405ba74eb2f0a.jpg,,,,,,,,,,,,,블루 [품절],01999bef-5a0c-7693-98fb-23bbdf00949d,1000,,,true,false
손목-고무줄-원터치형,손목 고무줄 원터치형,draft,손목 고무줄 원터치형,https://almondyoung.com/web/product/medium/202507/5d8e839705cd870bc7a405ba74eb2f0a.jpg,,,,,,,,,,,,,고리 [품절],01999bef-5b85-777b-8b00-c2033838ce0d,1000,,,true,false
팔각-크리스탈-글루판,[웰컴 멤버십] 팔각 크리스탈 글루판,draft,[웰컴 멤버십] 팔각 크리스탈 글루판,https://almondyoung.com/web/product/medium/202311/52b8bbab0f4a41b4ea97f19fdfe72c81.png,,,,,,,,,신상품,100원 웰컴딜,,true,Default,01999bef-4b4d-765f-a16c-3bdeffa96275,100,,,true,false
옐로우-색소컵-소형-100개입,[웰컴 멤버십] 옐로우 색소컵 소형 100개입,draft,[웰컴 멤버십] 옐로우 색소컵 소형 100개입,https://almondyoung.com/web/product/medium/202311/6a59216bec6d8dc723157aed3d959456.png,,,,,,,,,신상품,100원 웰컴딜,,true,Default,01999bef-4451-703a-af8d-8244fd46b28f,100,,,true,false
소형-우드-스파츌라-100매입,[웰컴 멤버십] 소형 우드 스파츌라 100매입,draft,[웰컴 멤버십] 소형 우드 스파츌라 100매입,https://almondyoung.com/web/product/medium/202311/fbffbbe2244df9938bf66bdc6d3ec282.png,,,,,,,,,신상품,100원 웰컴딜,,true,Default,01999bef-3cc4-71af-b1b1-3082a52f6531,100,,,true,false
훅-엠보-수지-펜대-1ea-랜덤,[웰컴 멤버십] 훅 엠보 수지 펜대 1EA 랜덤,draft,[웰컴 멤버십] 훅 엠보 수지 펜대 1EA 랜덤,https://almondyoung.com/web/product/medium/202311/4121b356969b03e52d76e2be45e22979.png,,,,,,,,,신상품,100원 웰컴딜,,true,Default,01999bef-3576-74a7-892f-4326162dc39d,100,,,true,false
브라질리언-비키니-라인-왁싱-다우니-커터,[웰컴 멤버십] 브라질리언 비키니 라인 왁싱 다우니 커터,draft,[웰컴 멤버십] 브라질리언 비키니 라인 왁싱 다우니 커터,https://almondyoung.com/web/product/medium/202311/effb1f30254a9997d76a58fc7acfd576.png,,,,,,,,,신상품,100원 웰컴딜,,true,Default,01999bef-2e95-72c2-8148-b57185ad94e7,100,,,true,false
실리콘-색소컵-홀더-1ea-랜덤,[웰컴 멤버십] 실리콘 색소컵 홀더 1EA 랜덤,draft,[웰컴 멤버십] 실리콘 색소컵 홀더 1EA 랜덤,https://almondyoung.com/web/product/medium/202311/500ef66a1e7619fa040ba6dc405d31c9.png,,,,,,,,,신상품,100원 웰컴딜,,true,Default,01999bef-27ac-7602-beaa-a35b984eb23a,100,,,true,false
땅콩-펄-브러쉬-50개입-랜덤,[웰컴 멤버십] 땅콩 펄 브러쉬 50개입 랜덤,draft,[웰컴 멤버십] 땅콩 펄 브러쉬 50개입 랜덤,https://almondyoung.com/web/product/medium/202311/d5347a47a3fa51dd01bb79bf5741d1b3.png,,,,,,,,,신상품,100원 웰컴딜,,true,Default,01999bef-20d9-704c-98b0-bd970aa1ff07,100,,,true,false
뉴-마이크로-브러쉬-100개입,[웰컴 멤버십] 뉴 마이크로 브러쉬 100개입,draft,[웰컴 멤버십] 뉴 마이크로 브러쉬 100개입,https://almondyoung.com/web/product/medium/202311/bc7c458a1fdc3abeb64a2d1c6cf5856f.png,,,,,,,,,신상품,100원 웰컴딜,,true,핑크,01999bef-1b35-70bb-8dfe-764c8bce3c94,100,,,true,false
폭스아이래쉬-펌제-1제-2제-유통기한-임박,[웰컴 멤버십] 폭스아이래쉬 펌제 1제 2제 (유통기한 임박),draft,[웰컴 멤버십] 폭스아이래쉬 펌제 1제 2제 (유통기한 임박),https://almondyoung.com/web/product/medium/202501/107adfacfc42600141f33e27a5d2c9fe.png,,,,,,,,,신상품,100원 웰컴딜,,true,Default,01999bef-1316-7537-b7fd-0777c442cf17,100,,,true,false
노몬드-속눈썹-펌제-1제-2제-유통기한-임박-202512,[웰컴 멤버십] 노몬드 속눈썹 펌제 1제 2제 (유통기한 임박 2025.12),draft,[웰컴 멤버십] 노몬드 속눈썹 펌제 1제 2제 (유통기한 임박 2025.12),https://almondyoung.com/web/product/medium/202501/18a21ff7d2e01a5544898414e18a4c1a.png,,,,,,,,,신상품,100원 웰컴딜,,true,Default,01999bef-0bb0-7056-b1bd-0582aa1bddfc,100,,,true,false
네일아트-네일팁-리필팁-작품용-롱커브-포인트팁-12개입-네츄럴,[웰컴 멤버십] 네일아트 네일팁 리필팁 작품용 롱커브 포인트팁 12개입 네츄럴,draft,[웰컴 멤버십] 네일아트 네일팁 리필팁 작품용 롱커브 포인트팁 12개입 네츄럴,https://almondyoung.com/web/product/medium/202504/5f653943be107b072a55b5309b50122b.png,,,,,,,,,신상품,100원 웰컴딜,,true,Default,01999bef-047d-712f-a1d5-7f6de2b62bb2,100,,,true,false
네일아트-네일팁-리필팁-작품용-롱커브-포인트팁-12개입-클리어,[웰컴 멤버십] 네일아트 네일팁 리필팁 작품용 롱커브 포인트팁 12개입 클리어,draft,[웰컴 멤버십] 네일아트 네일팁 리필팁 작품용 롱커브 포인트팁 12개입 클리어,https://almondyoung.com/web/product/medium/202504/fabd714aa0084b05d487c4fa8b49de2e.png,,,,,,,,,신상품,100원 웰컴딜,,true,Default,01999bee-fd95-74fc-a648-6fbcf840c1b6,100,,,true,false
젤네일-전용-엠보-화장솜-200매-젤와이퍼,[웰컴 멤버십] 젤네일 전용 엠보 화장솜 200매 젤와이퍼,draft,[웰컴 멤버십] 젤네일 전용 엠보 화장솜 200매 젤와이퍼,https://almondyoung.com/web/product/medium/202508/760c637e35df3da9be8135bb18052aac.png,,,,,,,,,신상품,100원 웰컴딜,,true,Default,01999bee-f698-778b-b9a0-90a5d51b011b,100,,,true,false
젤와이퍼-대용량-400매-클렌저-솜-먼지-보풀-없는-네일-화장솜,[웰컴 멤버십] 젤와이퍼 대용량 400매 클렌저 솜 먼지 보풀 없는 네일 화장솜,draft,[웰컴 멤버십] 젤와이퍼 대용량 400매 클렌저 솜 먼지 보풀 없는 네일 화장솜,https://almondyoung.com/web/product/medium/202508/e637acd8a17fe42f9668c86749e5265d.png,,,,,,,,,신상품,100원 웰컴딜,,true,Default,01999bee-efb9-70da-bb0e-a5d0fc5e37ec,100,,,true,false
멘다-펌프-네일-리무버-디스펜서-랜덤,[웰컴 멤버십] 멘다 펌프 네일 리무버 디스펜서 랜덤,draft,[웰컴 멤버십] 멘다 펌프 네일 리무버 디스펜서 랜덤,https://almondyoung.com/web/product/medium/202508/2e86a914a07476442ac5789b8e6a4dc2.png,,,,,,,,,신상품,100원 웰컴딜,,true,Default,01999bee-e8da-720d-9ce9-d915d5f2827c,100,,,true,false
키티-네일-몰드-리본-십자가-파츠-만들기-재료,[웰컴 멤버십] 키티 네일 몰드 리본 십자가 파츠 만들기 재료,draft,[웰컴 멤버십] 키티 네일 몰드 리본 십자가 파츠 만들기 재료,https://almondyoung.com/web/product/medium/202508/d80e909f63f792ae254c50438138d2aa.png,,,,,,,,,신상품,100원 웰컴딜,,true,Default,01999bee-e1e9-73b9-94d7-d258044cae48,100,,,true,false
3d-크롬하츠-네일파츠몰드-레진몰드-실리콘몰드,[웰컴 멤버십] 3D 크롬하츠 네일파츠몰드 레진몰드 실리콘몰드,draft,[웰컴 멤버십] 3D 크롬하츠 네일파츠몰드 레진몰드 실리콘몰드,https://almondyoung.com/web/product/medium/202508/b5bed645cece8b2ff09d59d2834dd382.png,,,,,,,,,신상품,100원 웰컴딜,,true,Default,01999bee-dafe-7516-951c-e738fdc52134,100,,,true,false
파스텔-십자가-크롬하츠-네일-파츠-30개입-랜덤,[웰컴 멤버십] 파스텔 십자가 크롬하츠 네일 파츠 30개입 랜덤,draft,[웰컴 멤버십] 파스텔 십자가 크롬하츠 네일 파츠 30개입 랜덤,https://almondyoung.com/web/product/medium/202508/5685021746915467eb8df2d67476a00f.png,,,,,,,,,신상품,100원 웰컴딜,,true,Default,01999bee-d3f0-73cb-babd-6bdbe8d010c9,100,,,true,false
56칸-분리형-스톤-파츠-보관함,[웰컴 멤버십] 56칸 분리형 스톤 파츠 보관함,draft,[웰컴 멤버십] 56칸 분리형 스톤 파츠 보관함,https://almondyoung.com/web/product/medium/202508/01e208f3391baae124cb27172d5d0883.png,,,,,,,,,신상품,100원 웰컴딜,,true,Default,01999bee-cd11-73f9-b7b4-dbe24b4aaff4,100,,,true,false
네일-드릴-비트-샌딩-밴드-풀세트,[웰컴 멤버십] 네일 드릴 비트 샌딩 밴드 풀세트,draft,[웰컴 멤버십] 네일 드릴 비트 샌딩 밴드 풀세트,https://almondyoung.com/web/product/medium/202508/0e043ac044267ec63ecc2a3228393093.png,,,,,,,,,신상품,100원 웰컴딜,,true,Default,01999bee-c616-74bb-ab5b-14a8fa88db8e,100,,,true,false
트위지스트랩-레스페인프랩-무통-왁싱-스프레이,트위지스트랩 레스페인프랩 무통 왁싱 스프레이,draft,트위지스트랩 레스페인프랩 무통 왁싱 스프레이,https://almondyoung.com/web/product/medium/202310/7a03dc7cb948443c017c0b0e3b91f1be.jpg,,,,,,,,,신상품,왁싱,,true,Default,01999bd7-e476-72c3-aa0a-4787c514baec,81000,,,true,false
트위지스트랩-노미싱-아웃-파우더-5g,트위지스트랩 노미싱 아웃 파우더 5g,draft,트위지스트랩 노미싱 아웃 파우더 5g,https://almondyoung.com/web/product/medium/202310/15ce3a649d9294b34822f9f9e88df891.jpg,,,,,,,,,신상품,왁싱,,true,Default,01999bd7-dd74-703f-a4ca-d752582b4ddd,18000,,,true,false
트위지스트랩-올-데필-하드-왁스-1kg,트위지스트랩 올 데필 하드 왁스 1kg,draft,트위지스트랩 올 데필 하드 왁스 1kg,https://almondyoung.com/web/product/medium/202310/a4fedc933aaabc641277f549f63a0eac.jpg,,,,,,,,,신상품,왁싱,,true,Default,01999bd7-d693-739a-aef5-d2fa1ddbab06,45000,,,true,false
트위지스트랩-에프터-왁싱-스프레이-400ml,트위지스트랩 에프터 왁싱 스프레이 400ml,draft,트위지스트랩 에프터 왁싱 스프레이 400ml,https://almondyoung.com/web/product/medium/202310/e10aaa93e9f52d75d0745e5d71d8c2f1.png,,,,,,,,,신상품,왁싱,,true,Default,01999bd7-ce7f-70be-99b5-3a6d48f2b400,53000,,,true,false
트위지스트랩-트위저,트위지스트랩 트위저,draft,트위지스트랩 트위저,https://almondyoung.com/web/product/medium/202310/ebc971608ec99b92f8fa57e68e11ae82.jpg,,,,,,,,,신상품,왁싱,,true,각인없음,01999bd7-c8b7-75bd-8d96-d07d5172cd0b,12000,,,true,false
트위지스트랩-트위저,트위지스트랩 트위저,draft,트위지스트랩 트위저,https://almondyoung.com/web/product/medium/202310/ebc971608ec99b92f8fa57e68e11ae82.jpg,,,,,,,,,,,,,각인추가,01999bd7-ca09-754c-a09f-0e049e42de61,12000,,,true,false
트위지스트랩-올인원-워머기-1구,트위지스트랩 올인원 워머기 1구,draft,트위지스트랩 올인원 워머기 1구,https://almondyoung.com/web/product/medium/202310/a2226a33c1aee89e084e529a0fe18032.jpg,,,,,,,,,신상품,왁싱,,true,Default,01999bd7-c2d9-709f-9360-22a0455d1194,28000,,,true,false
미용-실기가운-국시-자격증-시험용-반팔-위생가운,미용 실기가운 국시 자격증 시험용 반팔 위생가운,draft,미용 실기가운 국시 자격증 시험용 반팔 위생가운,https://almondyoung.com/web/product/medium/202503/ac81b87084ef17f97f1e225c75027714.jpg,,,,,,,,,신상품,속눈썹,,true,S [품절],01999b23-2f62-7263-b9ff-628d9b0d282d,6000,,,true,false
미용-실기가운-국시-자격증-시험용-반팔-위생가운,미용 실기가운 국시 자격증 시험용 반팔 위생가운,draft,미용 실기가운 국시 자격증 시험용 반팔 위생가운,https://almondyoung.com/web/product/medium/202503/ac81b87084ef17f97f1e225c75027714.jpg,,,,,,,,,,,,,M [품절],01999b23-3090-7117-a3e0-1192867a20c4,6000,,,true,false
미용-실기가운-국시-자격증-시험용-반팔-위생가운,미용 실기가운 국시 자격증 시험용 반팔 위생가운,draft,미용 실기가운 국시 자격증 시험용 반팔 위생가운,https://almondyoung.com/web/product/medium/202503/ac81b87084ef17f97f1e225c75027714.jpg,,,,,,,,,,,,,L [품절],01999b23-31c5-731f-82aa-96b8f0a15528,6000,,,true,false
미용-실기가운-국시-자격증-시험용-반팔-위생가운,미용 실기가운 국시 자격증 시험용 반팔 위생가운,draft,미용 실기가운 국시 자격증 시험용 반팔 위생가운,https://almondyoung.com/web/product/medium/202503/ac81b87084ef17f97f1e225c75027714.jpg,,,,,,,,,,,,,XL [품절],01999b23-32f6-73af-a2cf-444750d89a2f,6000,,,true,false
미용-실기가운-국시-자격증-시험용-반팔-위생가운,미용 실기가운 국시 자격증 시험용 반팔 위생가운,draft,미용 실기가운 국시 자격증 시험용 반팔 위생가운,https://almondyoung.com/web/product/medium/202503/ac81b87084ef17f97f1e225c75027714.jpg,,,,,,,,,,,,,2XL,01999b23-3422-7414-880d-c1cfffa4c6fb,6000,,,true,false
미용-실기가운-국시-자격증-시험용-반팔-위생가운,미용 실기가운 국시 자격증 시험용 반팔 위생가운,draft,미용 실기가운 국시 자격증 시험용 반팔 위생가운,https://almondyoung.com/web/product/medium/202503/ac81b87084ef17f97f1e225c75027714.jpg,,,,,,,,,,,,,3XL,01999b23-354e-757f-bcd3-135b4371bc1a,6000,,,true,false
노몬드-네일-국가고시-실기-풀세트-68종,노몬드 네일 국가고시 실기 풀세트 68종,draft,노몬드 네일 국가고시 실기 풀세트 68종,https://almondyoung.com/web/product/medium/202407/58f08cccc3984fcdbef95f2e152d6274.jpg,,,,,,,,,신상품,속눈썹,,true,S,01999b23-2ba2-7798-ab6a-ee319119a237,159000,,,true,false
노몬드-네일-국가고시-실기-풀세트-68종,노몬드 네일 국가고시 실기 풀세트 68종,draft,노몬드 네일 국가고시 실기 풀세트 68종,https://almondyoung.com/web/product/medium/202407/58f08cccc3984fcdbef95f2e152d6274.jpg,,,,,,,,,,,,,M [품절],01999b23-2cde-704a-a2cb-a7e81212cc60,159000,,,true,false
노몬드-네일-국가고시-실기-풀세트-68종,노몬드 네일 국가고시 실기 풀세트 68종,draft,노몬드 네일 국가고시 실기 풀세트 68종,https://almondyoung.com/web/product/medium/202407/58f08cccc3984fcdbef95f2e152d6274.jpg,,,,,,,,,,,,,L,01999b23-2e15-7155-ab6a-80c7f52651e1,159000,,,true,false
노몬드-네일-국가고시-실기-풀세트-68종,노몬드 네일 국가고시 실기 풀세트 68종,draft,노몬드 네일 국가고시 실기 풀세트 68종,https://almondyoung.com/web/product/medium/202407/58f08cccc3984fcdbef95f2e152d6274.jpg,,,,,,,,,,,,,XL,01999b23-2f55-710c-902b-5d314f601396,159000,,,true,false
노몬드-네일-국가고시-실기-풀세트-68종,노몬드 네일 국가고시 실기 풀세트 68종,draft,노몬드 네일 국가고시 실기 풀세트 68종,https://almondyoung.com/web/product/medium/202407/58f08cccc3984fcdbef95f2e152d6274.jpg,,,,,,,,,,,,,2XL,01999b23-3095-77de-b48b-9826fe18469e,159000,,,true,false
노몬드-네일-국가고시-실기-풀세트-68종,노몬드 네일 국가고시 실기 풀세트 68종,draft,노몬드 네일 국가고시 실기 풀세트 68종,https://almondyoung.com/web/product/medium/202407/58f08cccc3984fcdbef95f2e152d6274.jpg,,,,,,,,,,,,,3XL,01999b23-31cb-735a-8677-ae68b7387a92,159000,,,true,false
아몬드영-미용사네일-국가고시-원패스-필기-교재,[전자책]아몬드영 미용사(네일) 국가고시 원패스 필기 교재,draft,[전자책]아몬드영 미용사(네일) 국가고시 원패스 필기 교재,https://almondyoung.com/web/product/medium/202405/cd773a3241f4c00d204a5ddb8b8fe6ba.png,,,,,,,,,신상품,속눈썹,,true,Default,01999b23-268e-75af-9a3a-c7790130cfe9,10000,,,true,false
아몬드영-미용사네일-국가고시-원패스-필기-모의고사-문제집,[전자책] 아몬드영 미용사(네일) 국가고시 원패스 필기 모의고사 문제집,draft,[전자책] 아몬드영 미용사(네일) 국가고시 원패스 필기 모의고사 문제집,https://almondyoung.com/web/product/medium/202405/b7c3a9f1c1b4402330b6f44a2f0c2cf6.png,,,,,,,,,신상품,속눈썹,,true,Default,01999b23-22b0-762c-8283-0510526b565b,10000,,,true,false
젤로젤로-필오프-베이스젤-원킬-리무버-우드스틱-세트,젤로젤로 필오프 베이스젤 원킬 리무버 우드스틱 세트,draft,젤로젤로 필오프 베이스젤 원킬 리무버 우드스틱 세트,https://almondyoung.com/web/product/medium/202502/549e2d580d66a60db46ed302711effa9.jpg,,,,,,,,,신상품,속눈썹,,true,Default,01999b23-1ed3-74e7-b592-445e89f6cfd1,19000,,,true,false
drawy-make-반영구-옴브레-엠보-수지-겸용-색소-15ml,Drawy make 반영구 옴브레 엠보 수지 겸용 색소 15ml,draft,Drawy make 반영구 옴브레 엠보 수지 겸용 색소 15ml,https://almondyoung.com/web/product/medium/202502/fccb3bfb0d5736692a0753428ff818f0.jpg,,,,,,,,,신상품,속눈썹,,true,카멜 브라운,01999b23-1c40-73ab-8b62-a2222bf3eff5,38000,,,true,false
drawy-make-반영구-옴브레-엠보-수지-겸용-색소-15ml,Drawy make 반영구 옴브레 엠보 수지 겸용 색소 15ml,draft,Drawy make 반영구 옴브레 엠보 수지 겸용 색소 15ml,https://almondyoung.com/web/product/medium/202502/fccb3bfb0d5736692a0753428ff818f0.jpg,,,,,,,,,,,,,토피 브라운,01999b23-1d7b-74ed-ab05-8c4c8e65f40b,38000,,,true,false
drawy-make-반영구-옴브레-엠보-수지-겸용-색소-15ml,Drawy make 반영구 옴브레 엠보 수지 겸용 색소 15ml,draft,Drawy make 반영구 옴브레 엠보 수지 겸용 색소 15ml,https://almondyoung.com/web/product/medium/202502/fccb3bfb0d5736692a0753428ff818f0.jpg,,,,,,,,,,,,,올리브 브라운,01999b23-1eb3-7662-83c3-e7183606ae29,38000,,,true,false
drawy-make-반영구-옴브레-엠보-수지-겸용-색소-15ml,Drawy make 반영구 옴브레 엠보 수지 겸용 색소 15ml,draft,Drawy make 반영구 옴브레 엠보 수지 겸용 색소 15ml,https://almondyoung.com/web/product/medium/202502/fccb3bfb0d5736692a0753428ff818f0.jpg,,,,,,,,,,,,,마룬 브라운,01999b23-1feb-75ba-9bfa-bd8104d0427f,38000,,,true,false
drawy-make-반영구-옴브레-엠보-수지-겸용-색소-15ml,Drawy make 반영구 옴브레 엠보 수지 겸용 색소 15ml,draft,Drawy make 반영구 옴브레 엠보 수지 겸용 색소 15ml,https://almondyoung.com/web/product/medium/202502/fccb3bfb0d5736692a0753428ff818f0.jpg,,,,,,,,,,,,,토프 브라운,01999b23-2124-76eb-839a-ea56e0bf17b4,38000,,,true,false
drawy-make-믹싱-중화-색소-12ml,Drawy make 믹싱 중화 색소 12ml,draft,Drawy make 믹싱 중화 색소 12ml,https://almondyoung.com/web/product/medium/202502/dae56d58c4b19a3ac3cf66281519bc10.jpg,,,,,,,,,신상품,속눈썹,,true,마리골드 옐로우,01999b23-186f-70bf-8a7f-0ede7585dfb6,35000,,,true,false
drawy-make-믹싱-중화-색소-12ml,Drawy make 믹싱 중화 색소 12ml,draft,Drawy make 믹싱 중화 색소 12ml,https://almondyoung.com/web/product/medium/202502/dae56d58c4b19a3ac3cf66281519bc10.jpg,,,,,,,,,,,,,퍼시몬 오렌지,01999b23-19a8-7080-82db-23f281dde610,35000,,,true,false
drawy-make-헤어스트록-색소-12ml,Drawy make 헤어스트록 색소 12ml,draft,Drawy make 헤어스트록 색소 12ml,https://almondyoung.com/web/product/medium/202502/0215cea8021e62f3cf9100cfb43abb45.jpg,,,,,,,,,신상품,속눈썹,,true,코낙 브라운,01999b23-14a1-776f-bb5c-3d2c41a4943b,40000,,,true,false
drawy-make-헤어스트록-색소-12ml,Drawy make 헤어스트록 색소 12ml,draft,Drawy make 헤어스트록 색소 12ml,https://almondyoung.com/web/product/medium/202502/0215cea8021e62f3cf9100cfb43abb45.jpg,,,,,,,,,,,,,쿠퍼 브라운,01999b23-15dd-70dd-9ee2-4d395976098f,40000,,,true,false
drawy-make-헤어스트록-색소-12ml,Drawy make 헤어스트록 색소 12ml,draft,Drawy make 헤어스트록 색소 12ml,https://almondyoung.com/web/product/medium/202502/0215cea8021e62f3cf9100cfb43abb45.jpg,,,,,,,,,,,,,애쉬 브라운,01999b23-171d-748e-b6cf-a47041a1389f,40000,,,true,false
drawy-make-립-입술-색소-12ml,Drawy make 립 입술 색소 12ml,draft,Drawy make 립 입술 색소 12ml,https://almondyoung.com/web/product/medium/202502/14a5043e057ec613465bc14b6c2557a9.jpg,,,,,,,,,신상품,속눈썹,,true,스칼렛 레드,01999b23-10b1-72f9-9cdd-703055bf1809,35000,,,true,false
drawy-make-립-입술-색소-12ml,Drawy make 립 입술 색소 12ml,draft,Drawy make 립 입술 색소 12ml,https://almondyoung.com/web/product/medium/202502/14a5043e057ec613465bc14b6c2557a9.jpg,,,,,,,,,,,,,펀치 오렌지,01999b23-11e9-76cf-81c0-c92f2b240578,35000,,,true,false
drawy-make-립-입술-색소-12ml,Drawy make 립 입술 색소 12ml,draft,Drawy make 립 입술 색소 12ml,https://almondyoung.com/web/product/medium/202502/14a5043e057ec613465bc14b6c2557a9.jpg,,,,,,,,,,,,,피오니 핑크,01999b23-132a-769d-81e7-499299e60d8d,35000,,,true,false
래쉬몬스터-organic-오가닉-색소-10ml,래쉬몬스터 Organic 오가닉 색소 10ml,draft,래쉬몬스터 Organic 오가닉 색소 10ml,https://almondyoung.com/web/product/medium/202503/d21d85aa58f14bb4cc2a69342d24c4fa.jpg,,,,,,,,,신상품,속눈썹,,true,[액상 머신용] 101 시그니처 블랙,01999b23-0cbd-7616-8863-80c14913c253,25000,,,true,false
래쉬몬스터-organic-오가닉-색소-10ml,래쉬몬스터 Organic 오가닉 색소 10ml,draft,래쉬몬스터 Organic 오가닉 색소 10ml,https://almondyoung.com/web/product/medium/202503/d21d85aa58f14bb4cc2a69342d24c4fa.jpg,,,,,,,,,,,,,[엠보 수지] 201 미드나잇 브라운,01999b23-0dec-73f0-aaf1-63e921c1a385,25000,,,true,false
래쉬몬스터-organic-오가닉-색소-10ml,래쉬몬스터 Organic 오가닉 색소 10ml,draft,래쉬몬스터 Organic 오가닉 색소 10ml,https://almondyoung.com/web/product/medium/202503/d21d85aa58f14bb4cc2a69342d24c4fa.jpg,,,,,,,,,,,,,[엠보 수지] 202 스모크 브라운,01999b23-0f17-779d-98b4-20ee0c74839d,25000,,,true,false
래쉬몬스터-organic-오가닉-색소-10ml,래쉬몬스터 Organic 오가닉 색소 10ml,draft,래쉬몬스터 Organic 오가닉 색소 10ml,https://almondyoung.com/web/product/medium/202503/d21d85aa58f14bb4cc2a69342d24c4fa.jpg,,,,,,,,,,,,,[엠보 수지] 203 다크 초코렛,01999b23-105c-762e-b360-cc4b7de28d51,25000,,,true,false
래쉬몬스터-organic-오가닉-색소-10ml,래쉬몬스터 Organic 오가닉 색소 10ml,draft,래쉬몬스터 Organic 오가닉 색소 10ml,https://almondyoung.com/web/product/medium/202503/d21d85aa58f14bb4cc2a69342d24c4fa.jpg,,,,,,,,,,,,,[엠보 수지] 204 초코렛,01999b23-118b-775a-95ea-584dba0bd7d0,25000,,,true,false
래쉬몬스터-organic-오가닉-색소-10ml,래쉬몬스터 Organic 오가닉 색소 10ml,draft,래쉬몬스터 Organic 오가닉 색소 10ml,https://almondyoung.com/web/product/medium/202503/d21d85aa58f14bb4cc2a69342d24c4fa.jpg,,,,,,,,,,,,,[엠보 수지] 205 브라운 시럽,01999b23-12b7-745e-8a40-8223f212ba53,25000,,,true,false
래쉬몬스터-organic-오가닉-색소-10ml,래쉬몬스터 Organic 오가닉 색소 10ml,draft,래쉬몬스터 Organic 오가닉 색소 10ml,https://almondyoung.com/web/product/medium/202503/d21d85aa58f14bb4cc2a69342d24c4fa.jpg,,,,,,,,,,,,,[엠보 수지] 206 체스넛 브라운,01999b23-13e5-7075-9b80-f38fa365c75b,25000,,,true,false
래쉬몬스터-organic-오가닉-색소-10ml,래쉬몬스터 Organic 오가닉 색소 10ml,draft,래쉬몬스터 Organic 오가닉 색소 10ml,https://almondyoung.com/web/product/medium/202503/d21d85aa58f14bb4cc2a69342d24c4fa.jpg,,,,,,,,,,,,,[엠보 수지] 207 캐러멜 브라운,01999b23-1512-713f-b126-f442710c6699,25000,,,true,false
래쉬몬스터-organic-오가닉-색소-10ml,래쉬몬스터 Organic 오가닉 색소 10ml,draft,래쉬몬스터 Organic 오가닉 색소 10ml,https://almondyoung.com/web/product/medium/202503/d21d85aa58f14bb4cc2a69342d24c4fa.jpg,,,,,,,,,,,,,[엠보 수지] 208 누드 브라운,01999b23-1645-73eb-a3d4-6d778882a9b5,25000,,,true,false
래쉬몬스터-organic-오가닉-색소-10ml,래쉬몬스터 Organic 오가닉 색소 10ml,draft,래쉬몬스터 Organic 오가닉 색소 10ml,https://almondyoung.com/web/product/medium/202503/d21d85aa58f14bb4cc2a69342d24c4fa.jpg,,,,,,,,,,,,,[엠보 수지] 209 올리브 브라운,01999b23-1770-7269-8018-309059de96b7,25000,,,true,false
래쉬몬스터-organic-오가닉-색소-10ml,래쉬몬스터 Organic 오가닉 색소 10ml,draft,래쉬몬스터 Organic 오가닉 색소 10ml,https://almondyoung.com/web/product/medium/202503/d21d85aa58f14bb4cc2a69342d24c4fa.jpg,,,,,,,,,,,,,[엠보 수지] 210 올리브,01999b23-189b-74ea-bae2-1e6dd12631b0,25000,,,true,false
래쉬몬스터-organic-오가닉-색소-10ml,래쉬몬스터 Organic 오가닉 색소 10ml,draft,래쉬몬스터 Organic 오가닉 색소 10ml,https://almondyoung.com/web/product/medium/202503/d21d85aa58f14bb4cc2a69342d24c4fa.jpg,,,,,,,,,,,,,[수지 머신] 301 로즈레드,01999b23-19c8-71a9-a411-becda84063eb,25000,,,true,false
래쉬몬스터-organic-오가닉-색소-10ml,래쉬몬스터 Organic 오가닉 색소 10ml,draft,래쉬몬스터 Organic 오가닉 색소 10ml,https://almondyoung.com/web/product/medium/202503/d21d85aa58f14bb4cc2a69342d24c4fa.jpg,,,,,,,,,,,,,[수지 머신] 302 레드 블라썸,01999b23-1b09-76ab-8a31-f6f95b39b6ad,25000,,,true,false
래쉬몬스터-organic-오가닉-색소-10ml,래쉬몬스터 Organic 오가닉 색소 10ml,draft,래쉬몬스터 Organic 오가닉 색소 10ml,https://almondyoung.com/web/product/medium/202503/d21d85aa58f14bb4cc2a69342d24c4fa.jpg,,,,,,,,,,,,,[수지 머신] 303 리얼 레드,01999b23-1c33-73c9-908f-a6ea802bad8a,25000,,,true,false
래쉬몬스터-organic-오가닉-색소-10ml,래쉬몬스터 Organic 오가닉 색소 10ml,draft,래쉬몬스터 Organic 오가닉 색소 10ml,https://almondyoung.com/web/product/medium/202503/d21d85aa58f14bb4cc2a69342d24c4fa.jpg,,,,,,,,,,,,,[수지 머신] 304 마젠타 핑크,01999b23-1d64-70a8-a57d-3e0fb4c1a13d,25000,,,true,false
래쉬몬스터-organic-오가닉-색소-10ml,래쉬몬스터 Organic 오가닉 색소 10ml,draft,래쉬몬스터 Organic 오가닉 색소 10ml,https://almondyoung.com/web/product/medium/202503/d21d85aa58f14bb4cc2a69342d24c4fa.jpg,,,,,,,,,,,,,[수지 머신] 305 리얼 핑크,01999b23-1e93-73b9-b45b-0e2185e54b62,25000,,,true,false
래쉬몬스터-organic-오가닉-색소-10ml,래쉬몬스터 Organic 오가닉 색소 10ml,draft,래쉬몬스터 Organic 오가닉 색소 10ml,https://almondyoung.com/web/product/medium/202503/d21d85aa58f14bb4cc2a69342d24c4fa.jpg,,,,,,,,,,,,,[수지 머신] 306 베이비 핑크,01999b23-1fc2-734f-95aa-c385913999cc,25000,,,true,false
래쉬몬스터-organic-오가닉-색소-10ml,래쉬몬스터 Organic 오가닉 색소 10ml,draft,래쉬몬스터 Organic 오가닉 색소 10ml,https://almondyoung.com/web/product/medium/202503/d21d85aa58f14bb4cc2a69342d24c4fa.jpg,,,,,,,,,,,,,[수지 머신] 308 만다린 오렌지,01999b23-20ee-76ca-84ab-5bdb5a69617b,25000,,,true,false
래쉬몬스터-organic-오가닉-색소-10ml,래쉬몬스터 Organic 오가닉 색소 10ml,draft,래쉬몬스터 Organic 오가닉 색소 10ml,https://almondyoung.com/web/product/medium/202503/d21d85aa58f14bb4cc2a69342d24c4fa.jpg,,,,,,,,,,,,,[엠보 수지] 401 썬셋 옐로우,01999b23-2234-7074-943f-b395137b3b11,25000,,,true,false
래쉬몬스터-organic-오가닉-색소-10ml,래쉬몬스터 Organic 오가닉 색소 10ml,draft,래쉬몬스터 Organic 오가닉 색소 10ml,https://almondyoung.com/web/product/medium/202503/d21d85aa58f14bb4cc2a69342d24c4fa.jpg,,,,,,,,,,,,,[엠보 수지] 402 허니 머스터드,01999b23-2369-757d-968e-304e0194c944,25000,,,true,false
래쉬몬스터-organic-오가닉-색소-10ml,래쉬몬스터 Organic 오가닉 색소 10ml,draft,래쉬몬스터 Organic 오가닉 색소 10ml,https://almondyoung.com/web/product/medium/202503/d21d85aa58f14bb4cc2a69342d24c4fa.jpg,,,,,,,,,,,,,[엠보 수지] 403 스킨 베이지 1,01999b23-2496-71ef-b004-166b43acefa2,25000,,,true,false
래쉬몬스터-organic-오가닉-색소-10ml,래쉬몬스터 Organic 오가닉 색소 10ml,draft,래쉬몬스터 Organic 오가닉 색소 10ml,https://almondyoung.com/web/product/medium/202503/d21d85aa58f14bb4cc2a69342d24c4fa.jpg,,,,,,,,,,,,,[엠보 수지] 404 스킨 베이지 2,01999b23-25c8-7389-bdaa-2bd0828df340,25000,,,true,false
노몬드-전처리제-패드-80매-250ml,노몬드 전처리제 패드 80매 250ml,draft,노몬드 전처리제 패드 80매 250ml,https://almondyoung.com/web/product/medium/202308/ed848c896339ee798de4fb921a89d92e.png,,,,,,,,,신상품,속눈썹,,true,Default,01999b23-07b5-742e-882c-b08967466908,2790,,,true,false
노몬드-크림-리무버-15g,노몬드 크림 리무버 15g,draft,노몬드 크림 리무버 15g,https://almondyoung.com/web/product/medium/202310/c64cacecaaf5db6c6a0ae59418af0093.png,,,,,,,,,신상품,속눈썹,,true,Default,01999b23-03de-738e-9a29-99126d7435cc,1690,,,true,false
노몬드-속눈썹-글루-리무버-15ml,노몬드 속눈썹 글루 리무버 15ml,draft,노몬드 속눈썹 글루 리무버 15ml,https://almondyoung.com/web/product/medium/202508/cabf2daa7e4e60888d67e1f6ebaeb46b.png,,,,,,,,,신상품,속눈썹,,true,Default,01999b22-ffd2-71b9-8a27-6f6f3eec0590,950,,,true,false
미스테이-망고-롯드-lc컬-5종,미스테이 망고 롯드 LC컬 5종,draft,미스테이 망고 롯드 LC컬 5종,https://almondyoung.com/web/product/medium/202504/7a6555661446eb86d4c0cacf8ed16fcb.jpg,,,,,,,,,신상품,속눈썹,,true,Default,01999b22-f993-77ce-8e6f-b168b8cacf9c,57000,,,true,false
미스테이-빅-망고-롯드-lc컬-3종,미스테이 빅 망고 롯드 LC컬 3종,draft,미스테이 빅 망고 롯드 LC컬 3종,https://almondyoung.com/web/product/medium/202504/8ff94a90c80fb43a79391a6fdce9c8c6.jpg,,,,,,,,,신상품,속눈썹,,true,Default,01999b22-f5bc-7062-860a-e19abf450cb5,40000,,,true,false
래쉬클리닉-멜로우-펌제-1제2제-10개입,래쉬클리닉 멜로우 펌제 1제2제 10개입,draft,래쉬클리닉 멜로우 펌제 1제2제 10개입,https://almondyoung.com/web/product/medium/202503/4e7e1f29266bd72280d6129678d5fd4d.jpg,,,,,,,,,신상품,속눈썹,,true,Default,01999b22-f1ec-74dc-a775-2cf686cea59a,16500,,,true,false
미스테이-베리-롯드-물방울-c컬-4종,미스테이 베리 롯드 물방울 C컬 4종,draft,미스테이 베리 롯드 물방울 C컬 4종,https://almondyoung.com/web/product/medium/202505/c9d717261769688221cf353cf518e878.jpg,,,,,,,,,신상품,속눈썹,,true,Default,01999b22-f0b1-7388-8375-297b774ced9a,50000,,,true,false
노몬드-엠보--수지-니들,노몬드 엠보 & 수지 니들,draft,노몬드 엠보 & 수지 니들,https://almondyoung.com/web/product/medium/202507/31e8a34d26c8a00eee9ed5a86cdb63bd.png,,,,,,,,,신상품,속눈썹,,true,수지 3R,01999b22-eb07-730e-b46f-eec0405c40d1,4990,,,true,false
노몬드-엠보--수지-니들,노몬드 엠보 & 수지 니들,draft,노몬드 엠보 & 수지 니들,https://almondyoung.com/web/product/medium/202507/31e8a34d26c8a00eee9ed5a86cdb63bd.png,,,,,,,,,,,,,수지 5R,01999b22-ec87-75be-9588-29dbb09dfcd3,4990,,,true,false
노몬드-엠보--수지-니들,노몬드 엠보 & 수지 니들,draft,노몬드 엠보 & 수지 니들,https://almondyoung.com/web/product/medium/202507/31e8a34d26c8a00eee9ed5a86cdb63bd.png,,,,,,,,,,,,,엠보 1420,01999b22-ee6b-71fb-aec2-1933e89b29d4,4990,,,true,false
노몬드-엠보--수지-니들,노몬드 엠보 & 수지 니들,draft,노몬드 엠보 & 수지 니들,https://almondyoung.com/web/product/medium/202507/31e8a34d26c8a00eee9ed5a86cdb63bd.png,,,,,,,,,,,,,엠보 1425,01999b22-efd0-746d-94d8-f2502e486c42,4990,,,true,false
노몬드-엠보--수지-니들,노몬드 엠보 & 수지 니들,draft,노몬드 엠보 & 수지 니들,https://almondyoung.com/web/product/medium/202507/31e8a34d26c8a00eee9ed5a86cdb63bd.png,,,,,,,,,,,,,엠보 1620,01999b22-f14d-7622-b2ae-cd00637309c8,4990,,,true,false
노몬드-엠보--수지-니들,노몬드 엠보 & 수지 니들,draft,노몬드 엠보 & 수지 니들,https://almondyoung.com/web/product/medium/202507/31e8a34d26c8a00eee9ed5a86cdb63bd.png,,,,,,,,,,,,,엠보 1720,01999b22-f283-770b-89b6-07c302c6e1b2,4990,,,true,false
노몬드-엠보--수지-니들,노몬드 엠보 & 수지 니들,draft,노몬드 엠보 & 수지 니들,https://almondyoung.com/web/product/medium/202507/31e8a34d26c8a00eee9ed5a86cdb63bd.png,,,,,,,,,,,,,엠보 1818,01999b22-f3bb-75ec-9fab-70fc08827ed7,4990,,,true,false
노몬드-엠보--수지-니들,노몬드 엠보 & 수지 니들,draft,노몬드 엠보 & 수지 니들,https://almondyoung.com/web/product/medium/202507/31e8a34d26c8a00eee9ed5a86cdb63bd.png,,,,,,,,,,,,,엠보 1820,01999b22-f4ff-7744-a6d7-44d9e1488ae6,4990,,,true,false
노몬드-엠보--수지-니들,노몬드 엠보 & 수지 니들,draft,노몬드 엠보 & 수지 니들,https://almondyoung.com/web/product/medium/202507/31e8a34d26c8a00eee9ed5a86cdb63bd.png,,,,,,,,,,,,,엠보 1920,01999b22-f63c-73ee-933a-8ea470945165,4990,,,true,false
노몬드-엠보--수지-니들,노몬드 엠보 & 수지 니들,draft,노몬드 엠보 & 수지 니들,https://almondyoung.com/web/product/medium/202507/31e8a34d26c8a00eee9ed5a86cdb63bd.png,,,,,,,,,,,,,엠보 1925,01999b22-f77c-70ae-b833-1eb9cc03a0d3,4990,,,true,false
노몬드-엠보--수지-니들,노몬드 엠보 & 수지 니들,draft,노몬드 엠보 & 수지 니들,https://almondyoung.com/web/product/medium/202507/31e8a34d26c8a00eee9ed5a86cdb63bd.png,,,,,,,,,,,,,엠보 2120,01999b22-f8b9-721a-977e-81f94f57ad38,4990,,,true,false
노몬드-엠보--수지-니들,노몬드 엠보 & 수지 니들,draft,노몬드 엠보 & 수지 니들,https://almondyoung.com/web/product/medium/202507/31e8a34d26c8a00eee9ed5a86cdb63bd.png,,,,,,,,,,,,,엠보 2125,01999b22-fa03-7113-8acb-7578f9d8a8fc,4990,,,true,false
노몬드-엠보--수지-니들,노몬드 엠보 & 수지 니들,draft,노몬드 엠보 & 수지 니들,https://almondyoung.com/web/product/medium/202507/31e8a34d26c8a00eee9ed5a86cdb63bd.png,,,,,,,,,,,,,엠보 1820U,01999b22-fb42-751a-aa31-8b08dda79788,4990,,,true,false
노몬드-엠보--수지-니들,노몬드 엠보 & 수지 니들,draft,노몬드 엠보 & 수지 니들,https://almondyoung.com/web/product/medium/202507/31e8a34d26c8a00eee9ed5a86cdb63bd.png,,,,,,,,,,,,,엠보 1925U,01999b22-fc7b-7468-b4a4-2977e62141d2,4990,,,true,false
노몬드-엠보--수지-니들,노몬드 엠보 & 수지 니들,draft,노몬드 엠보 & 수지 니들,https://almondyoung.com/web/product/medium/202507/31e8a34d26c8a00eee9ed5a86cdb63bd.png,,,,,,,,,,,,,엠보 2120U,01999b22-fdb2-76eb-ad99-c7574fb664c0,4990,,,true,false
노몬드-색소-에멀젼,노몬드 색소 (에멀젼),draft,노몬드 색소 (에멀젼),https://almondyoung.com/web/product/medium/202409/b84f3d09cc04d83d05d345efc3e29560.png,,,,,,,,,신상품,속눈썹,,true,Default,01999b22-e428-7193-b3b4-cc8de967be7e-default,15000,,,true,false
속눈썹-연장-교재-템플릿,[캔바] 속눈썹 연장 교재 템플릿,draft,[캔바] 속눈썹 연장 교재 템플릿,https://almondyoung.com/web/product/medium/202401/2a1db8bbf5586441ac046a22527756bc.png,,,,,,,,,신상품,속눈썹,,true,Default,01999b22-e1d6-7258-9744-8756f5860765,39000,,,true,false
유륜-메디컬-타투-교재-템플릿,[캔바] 유륜 메디컬 타투 교재 템플릿,draft,[캔바] 유륜 메디컬 타투 교재 템플릿,https://almondyoung.com/web/product/medium/202402/5bda974da34ec85f60ca09427ba8ecec.png,,,,,,,,,신상품,속눈썹,,true,Default,01999b22-ddee-761d-922a-cf1cd29e725a,188000,,,true,false
반영구pmu-아이라인-수강-교재-템플릿,[캔바] 반영구(PMU) 아이라인 수강 교재 템플릿,draft,[캔바] 반영구(PMU) 아이라인 수강 교재 템플릿,https://almondyoung.com/web/product/medium/202411/288ce5aded18d72a09ce5015c64ab939.png,,,,,,,,,신상품,속눈썹,,true,Default,01999b22-da10-72ca-b30f-9eb8f57d571e,99000,,,true,false
페이스-반영구-교재증정-애프터케어2종-시술동의서3종-수강동의서5종,"[캔바 교재세트] 페이스 반영구 교재(+증정: 애프터케어(2종), 시술동의서(3종), 수강동의서(5종))",draft,"[캔바 교재세트] 페이스 반영구 교재(+증정: 애프터케어(2종), 시술동의서(3종), 수강동의서(5종))",https://almondyoung.com/web/product/medium/202411/fa6d20ffd0877ba0ac746bca6f1a5f88.png,,,,,,,,,신상품,속눈썹,,true,Default,01999b22-d629-72e5-b728-3b32aecc1ff9,249900,,,true,false
smp-교재증정-smp-인스타그램-피드-100장-smp-시술동의서-2종-,"[캔바 교재세트] SMP 교재(+증정: SMP 인스타그램 피드 100장, SMP 시술동의서 2종 )",draft,"[캔바 교재세트] SMP 교재(+증정: SMP 인스타그램 피드 100장, SMP 시술동의서 2종 )",https://almondyoung.com/web/product/medium/202411/967188168133b7be6b6db5e93aeff887.png,,,,,,,,,신상품,속눈썹,,true,Default,01999b22-d1b7-778d-ada1-4c4c0625ae97,129000,,,true,false
속눈썹-교재증정-속눈썹-컬-차트5종-시술동의서4종-수강동의서6종,"[캔바 교재세트] 속눈썹 교재(+증정: 속눈썹 컬 차트(5종), 시술동의서(4종), 수강동의서(6종))",draft,"[캔바 교재세트] 속눈썹 교재(+증정: 속눈썹 컬 차트(5종), 시술동의서(4종), 수강동의서(6종))",https://almondyoung.com/web/product/medium/202411/3590553d7b31c07360bb5482a43eda27.png,,,,,,,,,신상품,속눈썹,,true,Default,01999b22-cdd6-71a1-9baa-ee4ff6199250,99000,,,true,false
티나-컬링-롯드-레귤러-단품-under컬-3종,티나 컬링 롯드 레귤러 단품 UNDER컬 3종,draft,티나 컬링 롯드 레귤러 단품 UNDER컬 3종,https://almondyoung.com/web/product/medium/202501/b2197ce87dde34bd45e161eb11ed94c0.jpg,,,,,,,,,신상품,속눈썹,,true,Default,01999b22-c9a0-755e-a924-5cac4de588db,35000,,,true,false
민생회복-소비쿠폰-스티커-200mm-x-200mm,민생회복 소비쿠폰 스티커 200mm x 200mm,draft,민생회복 소비쿠폰 스티커 200mm x 200mm,https://almondyoung.com/web/product/medium/202507/afca4e98a2e43f08dec85945c8af0e96.png,,,,,,,,,신상품,속눈썹,,true,블루,01999b22-c700-77fb-b740-96a63ebada1b,10000,,,true,false
민생회복-소비쿠폰-스티커-200mm-x-200mm,민생회복 소비쿠폰 스티커 200mm x 200mm,draft,민생회복 소비쿠폰 스티커 200mm x 200mm,https://almondyoung.com/web/product/medium/202507/afca4e98a2e43f08dec85945c8af0e96.png,,,,,,,,,,,,,핑크,01999b22-c84a-71ec-9fbb-f80092ea7fea,10000,,,true,false
민생회복-소비쿠폰-스티커-200mm-x-200mm-퍼플,민생회복 소비쿠폰 스티커 200mm x 200mm (퍼플),draft,민생회복 소비쿠폰 스티커 200mm x 200mm (퍼플),https://almondyoung.com/web/product/medium/202507/05fc9d3706300bf779f501197942752f.png,,,,,,,,,신상품,속눈썹,,true,Default,01999b22-c1c2-7319-a0fe-86f02ae14a6f,10000,,,true,false
티나스타일-필로우-스탠드-작업대,티나스타일 필로우 스탠드 작업대,draft,티나스타일 필로우 스탠드 작업대,https://almondyoung.com/web/product/medium/202508/d9540590d744653005f7a1138ad3b703.jpg,,,,,,,,,신상품,속눈썹,,true,Default,01999b22-bdd4-7270-aaf7-d06885b887cb,37000,,,true,false
노몬드-색소-리퀴드,노몬드 색소 (리퀴드),draft,노몬드 색소 (리퀴드),https://almondyoung.com/web/product/medium/202410/a75a3aa383cb75376045b6b64b32d0f5.png,,,,,,,,,신상품,속눈썹,,true,Default,01999b22-b847-716e-8062-c5ea5da36983-default,15000,,,true,false
노몬드-속눈썹-영양제-투명,노몬드 속눈썹 영양제 투명,draft,노몬드 속눈썹 영양제 투명,https://almondyoung.com/web/product/medium/202411/4dbd10ab8547b17796e512cf95e232e5.png,,,,,,,,,신상품,속눈썹,,true,마스카라 타입,01999b22-b742-714a-97c9-95d171daa964,9000,,,true,false
노몬드-속눈썹-영양제-투명,노몬드 속눈썹 영양제 투명,draft,노몬드 속눈썹 영양제 투명,https://almondyoung.com/web/product/medium/202411/4dbd10ab8547b17796e512cf95e232e5.png,,,,,,,,,,,,,브러쉬 타입,01999b22-b885-7747-8a19-c9bb4d732cf3,9000,,,true,false
노몬드-속눈썹-영양제-블랙,노몬드 속눈썹 영양제 블랙,draft,노몬드 속눈썹 영양제 블랙,https://almondyoung.com/web/product/medium/202411/0cb36a2e9d839361f114a5e4c9070f6d.png,,,,,,,,,신상품,속눈썹,,true,브러쉬 타입,01999b22-b5f8-7798-9802-75a28f87977d,9000,,,true,false
노몬드-속눈썹-영양제-블랙,노몬드 속눈썹 영양제 블랙,draft,노몬드 속눈썹 영양제 블랙,https://almondyoung.com/web/product/medium/202411/0cb36a2e9d839361f114a5e4c9070f6d.png,,,,,,,,,,,,,마스카라 타입,01999b22-b735-749a-89d2-5c749c55763f,9000,,,true,false
mast-마스트-airbot-wq4913--p320-펜-머신,MAST 마스트 AIRBOT WQ4913 + P320 펜 머신,draft,MAST 마스트 AIRBOT WQ4913 + P320 펜 머신,https://almondyoung.com/web/product/medium/202411/95aa5a7c014ad9ec68354848293e5ebe.jpg,,,,,,,,,신상품,속눈썹,,true,해외 배송 (15 ~ 20일 소요)-화이트,01999b22-af84-7678-8336-8263e8e1dd35,150000,,,true,false
mast-마스트-airbot-wq4913--p320-펜-머신,MAST 마스트 AIRBOT WQ4913 + P320 펜 머신,draft,MAST 마스트 AIRBOT WQ4913 + P320 펜 머신,https://almondyoung.com/web/product/medium/202411/95aa5a7c014ad9ec68354848293e5ebe.jpg,,,,,,,,,,,,,해외 배송 (15 ~ 20일 소요)-블랙,01999b22-b0cc-779f-a015-924045fdcfc7,150000,,,true,false
뷰티샵-시술-전후-입체명함,[입체명함] 뷰티샵 시술 전후 입체명함,draft,[입체명함] 뷰티샵 시술 전후 입체명함,https://almondyoung.com/web/product/medium/202504/f015e9ca39599401664ba860139e47ea.webp,,,,,,,,,신상품,속눈썹,,true,100장-없음,01999b22-ae41-7621-8025-2905e555d11e,48000,,,true,false
뷰티샵-시술-전후-입체명함,[입체명함] 뷰티샵 시술 전후 입체명함,draft,[입체명함] 뷰티샵 시술 전후 입체명함,https://almondyoung.com/web/product/medium/202504/f015e9ca39599401664ba860139e47ea.webp,,,,,,,,,,,,,100장-명함 디자인 추가,01999b22-af85-70de-ac07-706bcb76e83e,48000,,,true,false
뷰티샵-시술-전후-입체명함,[입체명함] 뷰티샵 시술 전후 입체명함,draft,[입체명함] 뷰티샵 시술 전후 입체명함,https://almondyoung.com/web/product/medium/202504/f015e9ca39599401664ba860139e47ea.webp,,,,,,,,,,,,,1000장-없음,01999b22-b0cb-72fb-8f52-a6645f3714b2,48000,,,true,false
뷰티샵-시술-전후-입체명함,[입체명함] 뷰티샵 시술 전후 입체명함,draft,[입체명함] 뷰티샵 시술 전후 입체명함,https://almondyoung.com/web/product/medium/202504/f015e9ca39599401664ba860139e47ea.webp,,,,,,,,,,,,,1000장-명함 디자인 추가,01999b22-b20a-703d-96ff-c4e24639c50f,48000,,,true,false
비키니롯드-cu컬-full-set-7종-속눈썹펌롯드-모든-눈매-가능한-베스트롯드,"비키니롯드 CU컬 full set (7종) 속눈썹펌롯드, 모든 눈매 가능한 베스트롯드",draft,"비키니롯드 CU컬 full set (7종) 속눈썹펌롯드, 모든 눈매 가능한 베스트롯드",https://almondyoung.com/web/product/medium/202507/3a6cf2db425d9f3371859838cb00e406.jpg,,,,,,,,,신상품,속눈썹,,true,주황,01999b22-aa70-76fb-8f67-d2a16cee29db,62800,,,true,false
비키니롯드-cu컬-full-set-7종-속눈썹펌롯드-모든-눈매-가능한-베스트롯드,"비키니롯드 CU컬 full set (7종) 속눈썹펌롯드, 모든 눈매 가능한 베스트롯드",draft,"비키니롯드 CU컬 full set (7종) 속눈썹펌롯드, 모든 눈매 가능한 베스트롯드",https://almondyoung.com/web/product/medium/202507/3a6cf2db425d9f3371859838cb00e406.jpg,,,,,,,,,,,,,라임,01999b22-abcf-742f-b93f-072ece15b169,62800,,,true,false
